Bureau of Justice Statistics,,,,,,,
File name:cpus15t02.csv,,,,,,,
"Table 2. Number of persons supervised by U.S. adult correctional systems, by correctional status, 2007 and 2015",,,,,,,
"Report title: Correctional Populations in the United States 2015,  NCJ 250374",,,,,,,
"Data source: Bureau of Justice Statistics, Annual Probation Survey, Annual Parole Survey, Annual Survey of Jails, and National Prisoner Statistics Program, 2007 and 2015.",,,,,,,
"Author: Danielle Kaeble and Lauren Glaze, BJS Statisticians",,,,,,,
Refer questions to: askbjs@usdoj.gov (202) 307-0765,,,,,,,
Date of version: 12/29/2016,,,,,,,
,,,,,,,
"Table 2. Number of persons supervised by U.S. adult correctional systems, by correctional status, 2007 and 2015",,,,,,,
,,,,,,,
,,2007,,,2015,,
Correctional populations,,Population,Percent of total population,,Population,Percent of total population,
,Total/a,"7,339,600",100,%,"6,741,400",100,%
Probation/b,,"4,293,000",58.5,,"3,789,800",56.2,
Prison/b,,"1,596,800",21.8,,"1,526,800",22.6,
Parole/b,,"826,100",11.3,,"870,500",12.9,
Local jail/c,,"780,200",10.6,,"728,200",10.8,
,Offenders with multiple correctional statuses/d,"156,400",:,,"174,000",:,
Note: Counts were rounded to the nearest 100 and include estimates for nonresponding jurisdictions. Detail may not sum to total due to rounding and because offenders with multiple correctional statuses were excluded from the total correctional population. See Methodology. ,,,,,,,
: Not calculated.,,,,,,,
a/Total was adjusted to exclude offenders with multiple correctional statuses to avoid double counting. See Methodology. ,,,,,,,
b/Population as of December 31. ,,,,,,,
c/Population as of the last weekday in June.,,,,,,,
"d/Some probationers and parolees on December 31 were held in a prison or jail but still remained under the jurisdiction of a probation or parole agency and some parolees were also on probation. In addition, some prisoners were being held in jail. They were excluded from the total correctional population to avoid double counting. See table 5 and Methodology.",,,,,,,
"Sources: Bureau of Justice Statistics, Annual Probation Survey, Annual Parole Survey, Annual Survey of Jails, and National Prisoner Statistics Program, 2007 and 2015.",,,,,,,
