Bureau of Justice Statistics,,,,,,,,,,,,
Filename: jim13stt07.csv,,,,,,,,,,,,
"Table 7: Average daily jail population, admissions, and turnover rate, by size of jurisdiction, week ending June 30, 2012 and 2013",,,,,,,,,,,,
Report title: Jail Inmates at Midyear 2013-Statistical Tables NCJ 245350,,,,,,,,,,,,
Data source: Annual Survey of Jails,,,,,,,,,,,,
"Author: Todd D. Minton and Daniela Golinelli, Ph.D.",,,,,,,,,,,,
Refer questions to: askbjs@usdoj.gov   202-307-0765,,,,,,,,,,,,
"Date of version: May 8, 2014",,,,,,,,,,,,
,,,,,,,,,,,,
"Table 7. Average daily jail population, admissions, and turnover rate, by size of jurisdiction, week ending June 30, 2012 and 2013",,,,,,,,,,,,
,,Average daily population/a,,,,Estimated number of admissions during the last week in June,,,Weekly turnover rate/b,,,
Jurisdiction size/c,,2012,2013,Difference,,2012,2013,,2012,,2013,
,Total,"737,369","731,352","-6,017",,"222,565","224,536",,60.1,%,60.2,%
Fewer than 50 inmates,,"23,832","23,301",-531,,"15,987","15,296",,130.6,%,121.1,%
50 to 99,,"42,778","38,721","-4,057",,"17,905","16,315",,83.2,,83.6,
100 to 249,,"89,957","93,653","3,696",,"34,491","32,470",,74.3,,67.9,
250 to 499,,"100,487","102,045","1,558",,"32,105","35,003",,63.2,,66.3,
500 to 999,,"122,837","123,220",383,,"34,050","46,806",,56.7,,75.5,
"1,000 or more ",,"357,478","350,412","-7,066",,"88,028","78,645",,49.4,,44.3,
Note: Detail may not sum to total due to rounding. See Methodology for more detail on estimation procedures. ,,,,,,,,,,,,
a/Sum of all inmates in jail each day for a year. Based on revised data for 2012.,,,,,,,,,,,,
"b/Calculated by adding weekly admissions and releases, dividing by the average daily population (ADP), and multiplying by 100. Based on revised data for 2012.",,,,,,,,,,,,
"c/Based on the average daily population (ADP) during the 12-month period ending June 30, 2006, the first year in the current Annual Survey of Jails series. ",,,,,,,,,,,,
"Source: Bureau of Justice Statistics, Annual Survey of Jails, 2012�2013.",,,,,,,,,,,,
