Bureau of Justice Statistics,,,,,
Filename: jim13stat03.csv,,,,,
"Appendix table 3: Standard error ratio estimates for table 3: Percent of inmates in local jails, by characteristics, midyear 2000 and 2005�2013",,,,,
Report title: Jail Inmates at Midyear 2013-Statistical Tables NCJ 245350,,,,,
Data source: Annual Survey of Jails,,,,,
"Author: Todd D. Minton and Daniela Golinelli, Ph.D.",,,,,
Refer questions to: askbjs@usdoj.gov   202-307-0765,,,,,
"Date of version: May 8, 2014",,,,,
 ,,,,,
"Appendix table 3. Standard error ratio estimates for table 3: Percent of inmates in local jails, by characteristics, midyear 2000 and 2005�2013",,,,,
Characteristic,,Estimate,,Standard error,
Sex,,,,,
,Male,86,%,0.1,%
,Female,14,,0.1,
Adult,,99.4,%,--,
,Male,85.4,,0.1,
,Female,13.9,,0.1,
Juvenile,,0.6,%,--,
,Held as adult,0.5,,--,
,Held as juvenile,0.1,,--,
Race/Hispanic origin,,,,,
,White,47.2,%,0.5,%
,Black/African American,35.8,,0.5,
,Hispanic/Latino,14.8,,0.3,
,American Indians or Alaska Natives,1.4,,0.1,
,Asian/Native Hawaiian/Other Pacific Islander,0.7,,--,
,Two or more races,0.2,,--,
Conviction status,,,,,
,Convicted,38,%,0.5,%
,Unconvicted,62,,0.5,%
Note: Detail may not sum to total due to rounding.,,,,,
--Less than 0.05%.,,,,,
"Source: Bureau of Justice Statistics, Annual Survey of Jails, 2013.",,,,,
