Bureau of Justice Statistics,,
Filename: jim13stf04.csv,,
Figure 4: Percent change in the midyear custody population and rated capacity between 2008 and 2013,,
Report title: Jail Inmates at Midyear 2013-Statistical Tables NCJ 245350,,
Data source: Annual Survey of Jails,,
"Author: Todd D. Minton and Daniela Golinelli, Ph.D.",,
Refer questions to: askbjs@usdoj.gov   202-307-0765,,
"Date of version: August 12, 2014",,
,,
Figure 4. Percent change in the midyear custody population and rated capacity between 2008 and 2013,,
,Rated capacity/a,Number of inmates/b
Total,5.4,-6.9
Fewer than 50 inmates,2.6,-7.2
50 to 99,13.1,-4.4
100 to 249,17.3,-0.8
250 to 499,8.7,-2.9
500 to 999,8.1,-6.6
"1,000 or more",-0.3,-9.9
"Note: Jurisdiction size is based on the average daily population (ADP) during the 12-month period ending June 30, 2006, the first year in the current Annual Survey of Jails series. ADP is the sum of all inmates in jail each day for a year, divided by the number of days in the year.",,
"a/Maximum number of beds or inmates assigned by a rating official to a facility, excluding separate temporary holding areas.",,
b/Number of inmates held on the last weekday in June.,,
"Source: Bureau of Justice Statistics, Annual Survey of Jails, 2008 and 2013.",,
