Bureau of Justice Statistics,,,,,,
Filename: jim13stat06.csv,,,,,,
"Appendix table 6: Standard errors for table 7: Average daily jail population, admissions, and turnover rate, by size of jurisdiction, week ending June 30, 2012 and 2013",,,,,,
Report title: Jail Inmates at Midyear 2013-Statistical Tables NCJ 245350,,,,,,
Data source: Annual Survey of Jails,,,,,,
"Author: Todd D. Minton and Daniela Golinelli, Ph.D.",,,,,,
Refer questions to: askbjs@usdoj.gov   202-307-0765,,,,,,
"Date of version: May 8, 2014",,,,,,
  ,,,,,,
"Appendix table 6. Standard errors for table 7: Average daily jail population, admissions, and turnover rate, by size of jurisdiction, week ending June 30, 2012 and 2013",,,,,,
,,,,,,
,,Average daily population,,,Estimated number of admissions during the  last week in June,
Jurisdiction size,,2012,2013,,2012,2013
,Total,"7,769","7,943",,"3,616","13,198"
Fewer than 50 inmates,,"2,262","2,422",,"1,714","1,785"
50 to 99,,"3,229","3,119",,"1,824","2,173"
100 to 249,,"3,912","4,165",,"2,385","2,446"
250 to 499,,"4,500","4,956",,"1,763","2,391"
500 to 999,,"4,129","4,128",,"1,373","13,009"
"1,000 or more",,"6,800","6,974",,"1,567","1,584"
"Source: Bureau of Justice Statistics, Annual Survey of Jails, 2012�2013.",,,,,,
