GEO.id,GEO.id2,GEO.display-label,HD01_VD01,HD01_VD02,HD01_VD03,HD01_VD04,HD01_VD05,HD01_VD06,HD01_VD07,HD01_VD08,HD01_VD09,HD01_VD10,HD01_VD11,HD01_VD12,HD01_VD13,HD01_VD14,HD01_VD15,HD01_VD16,HD01_VD17,HD01_VD18,HD01_VD19
Id,Id2,Geography,Estimate; Total:,Estimate; Male:,Estimate; Male: - Less than 9th grade,"Estimate; Male: - 9th to 12th grade, no diploma",Estimate; Male: - Regular high school diploma,Estimate; Male: - GED or alternative credential,"Estimate; Male: - Some college, no degree",Estimate; Male: - Associate's degree,Estimate; Male: - Bachelor's degree,Estimate; Male: - Graduate or professional degree,Estimate; Female:,Estimate; Female: - Less than 9th grade,"Estimate; Female: - 9th to 12th grade, no diploma",Estimate; Female: - Regular high school diploma,Estimate; Female: - GED or alternative credential,"Estimate; Female: - Some college, no degree",Estimate; Female: - Associate's degree,Estimate; Female: - Bachelor's degree,Estimate; Female: - Graduate or professional degree
310M200US12060,12060,"Atlanta-Sandy Springs-Roswell, GA Metro Area",1964553,951239,24948,52884,171219,44582,180979,59178,270501,146948,1013314,22367,49395,208845,35128,200470,75799,268059,153251
310M200US16980,16980,"Chicago-Naperville-Elgin, IL-IN-WI Metro Area",3722008,1798730,28485,66305,356741,48610,369273,124346,499418,305552,1923278,33556,63498,422391,38363,379184,155158,493747,337381
310M200US19100,19100,"Dallas-Fort Worth-Arlington, TX Metro Area",2439131,1175391,19787,42290,193723,49044,286006,85529,328553,170459,1263740,17111,54066,237240,38344,313287,93629,352815,157248
310M200US19820,19820,"Detroit-Warren-Dearborn, MI Metro Area",2074655,1005414,25135,62392,226150,37122,237557,89944,204075,123039,1069241,31438,56647,273360,23972,243649,106410,203324,130441
310M200US26420,26420,"Houston-The Woodlands-Sugar Land, TX Metro Area",1793998,880875,16715,35227,137912,36486,194729,60108,247506,152192,913123,13494,37738,158159,29423,223616,80247,243435,127011
310M200US31080,31080,"Los Angeles-Long Beach-Anaheim, CA Metro Area",3102112,1542816,25691,46104,221660,28667,342495,116845,466111,295243,1559296,28749,48956,247503,18157,358388,141319,434571,281653
310M200US33100,33100,"Miami-Fort Lauderdale-West Palm Beach, FL Metro Area",1488594,727495,15427,27594,136929,23238,140749,58817,196315,128426,761099,15673,22869,175126,18444,158709,73765,184625,111888
310M200US37980,37980,"Philadelphia-Camden-Wilmington, PA-NJ-DE-MD Metro Area",2773663,1326870,22847,66841,333851,45122,220449,84704,335956,217100,1446793,25091,61819,392625,30513,225716,120751,353260,237018
310M200US47900,47900,"Washington-Arlington-Alexandria, DC-VA-MD-WV Metro Area",2035446,996462,13003,22135,123618,23470,146038,44053,299599,324546,1038984,11438,21475,147675,16024,157891,65508,317683,301290
312M200US356203651000,356203651000,"New York city, NY; New York-Newark-Jersey City, NY-NJ-PA Metro Area",2074105,1001875,30940,37151,156608,24639,127154,50656,323766,250961,1072230,40614,34404,191345,17289,116188,56890,325731,289769
