Bureau of Justice Statistics,
File name: ji15at02.csv,
"Appendix Table 2: Standard errors for table 2: Number of annual admissions to local jails, 1999 and 2007-2015",
"Report title: Jail Inmates in 2015, NCJ 250394",
"Data source: Bureau of Justice Statistics, Annual Survey of Jails, 2007�2015; and Census of Jail Inmates, 1999.",
"Author: Todd D. Minton and Zhen Zeng, BJS Statisticians",
Refer questions to: askbjs@usdoj.gov (202) 307-0765,
Date of version: 12/29/2016,
,
"Appendix Table 2. Standard errors for table 2: Number of annual admissions to local jails, 1999 and 2007-2015",
,
Year,Total
1999,~
2007,"169,151"
2008,"272,916"
2009,"178,537"
2010,"233,704"
2011,"211,335"
2012,"188,549"
2013,"688,181"
2014,"205,287"
2015,"159,097"
~Not applicable. Data represent a complete enumeration based on the 1999 Census of Jails.,
"Source: Bureau of Justice Statistics, Census of Jails, 1999; and Annual Survey of Jails (ASJ), 2007�2015.",
