Bureau of Justice Statistics,,
File name: ji15at10.csv,,
"Appendix Table 10: Standard errors for table 10: Staff employed in local jails, by sex, December 2013 and 2015",,
"Report title: Jail Inmates in 2015, NCJ 250394",,
"Data source:  Bureau of Justice Statistics, Annual Survey of Jails, 2015.",,
"Author: Todd D. Minton and Zhen Zeng, BJS Statisticians",,
Refer questions to: askbjs@usdoj.gov (202) 307-0765,,
Date of version: 12/29/2016,,
,,
"Appendix Table 10. Standard errors for table 10: Staff employed in local jails, by sex, December 2013 and 2015",,
,,
Job function,,2015
,Total,"2,599"
Correctional officers,,"2,260"
,Male,"1,532"
,Female,918
All other staff,,791
,Male,463
,Female,428
"Note: For 2013, data represent a complete enumeration based on the 2013 Census of Jails.",,
"Source: Bureau of Justice Statistics, Annual Survey of Jails, 2015.",,
