Bureau of Justice Statistics,,,,,,,,,
File name: ji15t10.csv,,,,,,,,,
"Table 10: Staff employed in local jails, by sex, December 2013 and 2015",,,,,,,,,
"Report title: Jail Inmates in 2015, NCJ 250394",,,,,,,,,
"Data source: Bureau of Justice Statistics, Annual Survey of Jails, 2015; and Census of Jails, 2013",,,,,,,,,
"Author: Todd D. Minton and Zhen Zeng, BJS Statisticians",,,,,,,,,
Refer questions to: askbjs@usdoj.gov (202) 307-0765,,,,,,,,,
Date of version: 12/29/2016,,,,,,,,,
,,,,,,,,,
"Table 10. Staff employed in local jails, by sex, December 2013 and 2015",,,,,,,,,
,,,,,,,,,
,,Number,,,,Percent,,,
Job function,,2013,,2015*,,2013,,2015,
,Total,"220,000",**,"213,300",,100,%,100,%
Correctional officers/a,,"173,900",**,"169,200",,79,%,79.3,%
,Male,"123,400",**,"117,300",,56.1,,55,
,Female,"50,500",,"52,000",,23,,24.4,
All other staff/b,,"46,100",**,"44,000",,21,%,20.6,%
,Male,"20,800",,"20,000",,9.5,,9.4,
,Female,"25,200",**,"24,000",,11.5,,11.3,
Inmate-to-correctional  officer ratio/c,,4.2,,4.1,,,,,
Note: Data are adjusted for nonresponse and rounded to the nearest 100. Detail may not sum to total due to rounding. See appendix table 10 for standard errors.,,,,,,,,,
*Comparison year on staff.,,,,,,,,,
**Difference with comparison year is significant at the 95% confidence level. ,,,,,,,,,
"a/Includes deputies, monitors, and other custody staff who spend more than 50% of their time with the incarcerated population.",,,,,,,,,
"b/Includes administrators, clerical and maintenance staff, educational staff, professional and technical staff, and other unspecified staff who spend more than 50% of their time in the facility.",,,,,,,,,
c/Number of confined inmates per correctional officer.,,,,,,,,,
"Source: Bureau of Justice Statistics, Annual Survey of Jails, 2015; and Census of Jails, 2013.",,,,,,,,,
